City_ID,City,Country,Date,Lat,Lng,Max Temp,Humidity,Cloudiness,Wind Speed
0,Bluff,NZ,2020-08-27 21:38:17,-46.6,168.33,45.0,72,71,11.01
1,Pitimbu,BR,2020-08-27 21:38:17,-7.47,-34.81,73.4,78,20,9.17
2,Hasaki,JP,2020-08-27 21:38:17,35.73,140.83,79.0,100,20,3.36
3,Khani,GE,2020-08-27 21:38:17,41.96,42.96,69.8,94,75,3.36
4,Port Elizabeth,ZA,2020-08-27 21:38:17,-33.92,25.57,59.0,72,0,12.75
5,Rikitea,PF,2020-08-27 21:38:17,-23.12,-134.97,68.34,61,0,3.51
6,Punta Arenas,CL,2020-08-27 21:36:03,-53.15,-70.92,35.01,86,75,23.04
7,Taoudenni,ML,2020-08-27 21:38:18,22.68,-3.98,102.15,9,13,11.01
8,Bodden Town,KY,2020-08-27 21:38:18,19.28,-81.25,81.0,94,75,5.82
9,Fujin,CN,2020-08-27 21:38:18,47.26,132.03,67.05,97,100,13.94
10,Tasiilaq,GL,2020-08-27 21:38:18,65.61,-37.64,35.6,73,99,9.17
11,Busselton,AU,2020-08-27 21:38:18,-33.65,115.33,46.0,86,0,3.33
12,Takoradi,GH,2020-08-27 21:38:18,4.88,-1.76,75.07,88,20,9.19
13,Khatanga,RU,2020-08-27 21:38:18,71.97,102.5,54.97,77,67,5.66
14,Ushuaia,AR,2020-08-27 21:36:42,-54.8,-68.3,37.4,59,40,20.8
15,Hobart,AU,2020-08-27 21:35:04,-42.88,147.33,48.2,57,75,16.11
16,Kyaukse,MM,2020-08-27 21:38:18,21.6,96.13,76.3,83,17,5.41
17,Emborion,GR,2020-08-27 21:38:18,40.48,21.55,66.2,63,73,4.7
18,Saldanha,ZA,2020-08-27 21:38:18,-33.01,17.94,55.4,82,67,2.24
19,Tuatapere,NZ,2020-08-27 21:38:18,-46.13,167.68,45.0,72,63,11.01
20,Nizhniy Baskunchak,RU,2020-08-27 21:38:18,48.22,46.83,69.64,65,98,12.5
21,Wanning,CN,2020-08-27 21:38:18,18.8,110.4,78.4,85,42,3.11
22,Karratha,AU,2020-08-27 21:38:19,-20.74,116.85,73.56,39,0,5.93
23,Keti Bandar,PK,2020-08-27 21:38:19,24.14,67.45,81.88,87,100,12.71
24,Puerto Ayora,EC,2020-08-27 21:38:19,-0.74,-90.35,75.2,60,77,24.16
25,Ilulissat,GL,2020-08-27 21:38:19,69.22,-51.1,44.6,65,1,2.24
26,Albany,US,2020-08-27 21:35:30,42.6,-73.97,64.99,94,100,4.0
27,Ribeira Grande,PT,2020-08-27 21:38:19,38.52,-28.7,75.2,94,75,3.36
28,Avarua,CK,2020-08-27 21:38:19,-21.21,-159.78,77.0,57,54,13.87
29,Kodiak,US,2020-08-27 21:36:02,57.79,-152.41,53.6,81,90,10.29
30,Esperance,AU,2020-08-27 21:38:19,-33.87,121.9,51.8,76,0,18.34
31,Iqaluit,CA,2020-08-27 21:35:19,63.75,-68.51,59.0,41,75,10.29
32,Bengkulu,ID,2020-08-27 21:38:19,-3.8,102.27,74.93,82,46,3.98
33,East London,ZA,2020-08-27 21:38:19,-33.02,27.91,62.37,75,0,17.0
34,Kinsale,IE,2020-08-27 21:38:19,51.71,-8.53,55.4,87,40,8.05
35,Bandarbeyla,SO,2020-08-27 21:38:19,9.49,50.81,76.51,76,67,28.34
36,Dikson,RU,2020-08-27 21:38:19,73.51,80.55,47.5,84,22,11.23
37,Cape Town,ZA,2020-08-27 21:33:38,-33.93,18.42,54.0,93,40,4.7
38,Bajram Curri,AL,2020-08-27 21:38:19,42.36,20.08,75.2,73,37,2.24
39,Ossora,RU,2020-08-27 21:38:19,59.24,163.07,49.77,81,99,12.64
40,Benghazi,LY,2020-08-27 21:38:20,32.12,20.07,79.21,74,0,11.88
41,Vilhena,BR,2020-08-27 21:37:39,-12.74,-60.15,75.2,69,94,6.93
42,Katsuura,JP,2020-08-27 21:38:20,35.13,140.3,82.0,90,0,3.0
43,Upernavik,GL,2020-08-27 21:38:20,72.79,-56.15,43.54,69,76,7.7
44,Wageningen,NL,2020-08-27 21:37:29,51.97,5.67,62.01,93,75,6.93
45,Kautokeino,NO,2020-08-27 21:38:20,69.01,23.04,37.36,85,67,3.33
46,Teplodar,UA,2020-08-27 21:38:20,46.51,30.33,71.6,56,32,6.71
47,Saint-Philippe,RE,2020-08-27 21:38:20,-21.36,55.77,69.8,56,35,6.93
48,Hermanus,ZA,2020-08-27 21:38:20,-34.42,19.23,53.01,93,75,3.0
49,Luanda,AO,2020-08-27 21:33:28,-8.84,13.23,71.6,83,40,8.05
50,Tiksi,RU,2020-08-27 21:38:20,71.69,128.87,44.76,69,0,4.99
51,Ponta Do Sol,PT,2020-08-27 21:38:20,32.67,-17.1,78.01,65,20,26.4
52,Bin Qirdan,TN,2020-08-27 21:38:20,33.14,11.22,74.84,81,0,7.96
53,Bairiki,KI,2020-08-27 21:38:21,1.33,172.98,84.2,66,40,9.17
54,Tezu,IN,2020-08-27 21:38:21,27.92,96.17,74.97,85,71,2.21
55,Asmara,ER,2020-08-27 21:38:21,15.33,38.93,62.8,82,79,4.56
56,Tuktoyaktuk,CA,2020-08-27 21:38:21,69.45,-133.04,44.6,70,75,9.17
57,Kapaa,US,2020-08-27 21:38:21,22.08,-159.32,84.0,69,20,12.75
58,Mataura,NZ,2020-08-27 21:38:21,-46.19,168.86,45.0,72,62,11.01
59,Andenes,NO,2020-08-27 21:38:21,69.31,16.12,46.4,70,81,12.75
60,Leningradskiy,RU,2020-08-27 21:38:21,69.38,178.42,38.66,92,100,3.62
61,Srednekolymsk,RU,2020-08-27 21:38:21,67.45,153.68,45.27,84,97,6.6
62,Nanortalik,GL,2020-08-27 21:38:21,60.14,-45.24,49.51,70,100,13.44
63,Carutapera,BR,2020-08-27 21:38:21,-1.2,-46.02,77.81,86,24,5.46
64,Tayu,ID,2020-08-27 21:38:21,-6.54,111.05,74.21,81,90,6.8
65,Vaini,TO,2020-08-27 21:38:21,-21.2,-175.2,78.8,69,40,8.05
66,Sayat,TM,2020-08-27 21:38:21,38.78,63.88,71.6,49,0,11.41
67,Clyde River,CA,2020-08-27 21:38:21,70.47,-68.59,55.4,54,75,8.05
68,Northam,GB,2020-08-27 21:38:21,51.03,-4.22,59.0,94,12,8.01
69,New Norfolk,AU,2020-08-27 21:38:22,-42.78,147.06,46.99,81,50,4.0
70,Faanui,PF,2020-08-27 21:38:22,-16.48,-151.75,77.47,80,3,16.2
71,Atuona,PF,2020-08-27 21:38:22,-9.8,-139.03,78.76,74,60,19.15
72,Santana,BR,2020-08-27 21:38:22,-0.06,-51.18,89.6,59,22,6.93
73,Tual,ID,2020-08-27 21:38:22,-5.67,132.75,79.57,80,95,23.17
74,Dong Xoai,VN,2020-08-27 21:38:22,11.53,106.92,74.59,96,100,3.38
75,Nouadhibou,MR,2020-08-27 21:38:22,20.93,-17.03,82.4,69,0,12.75
76,Ahuimanu,US,2020-08-27 21:38:22,21.44,-157.84,87.8,58,20,10.29
77,Nigran,ES,2020-08-27 21:38:22,42.14,-8.81,69.01,94,75,4.7
78,Jibuti,DJ,2020-08-27 21:38:22,11.5,42.5,95.0,41,1,1.95
79,Marathon,US,2020-08-27 21:38:22,44.9,-89.77,87.01,48,20,4.7
80,Nikolskoye,RU,2020-08-27 21:38:22,59.7,30.79,53.6,93,90,2.24
81,Luderitz,NA,2020-08-27 21:38:22,-26.65,15.16,54.81,76,0,17.18
82,Lata,PT,2020-08-27 21:38:22,40.16,-8.33,71.01,86,24,3.0
83,Tiarei,PF,2020-08-27 21:38:22,-17.53,-149.33,82.4,65,40,3.36
84,Hovd,MN,2020-08-27 21:38:22,48.01,91.64,55.36,40,100,2.51
85,Kargasok,RU,2020-08-27 21:38:22,59.06,80.86,47.95,92,48,6.08
86,Naantali,FI,2020-08-27 21:38:22,60.47,22.02,50.0,87,0,2.24
87,Barrow,US,2020-08-27 21:38:22,71.29,-156.79,39.2,86,90,16.11
88,Villazon,BO,2020-08-27 21:38:22,-22.09,-65.59,60.53,23,0,17.94
89,Acapulco,MX,2020-08-27 21:35:51,16.86,-99.89,82.4,78,75,9.17
90,Kavieng,PG,2020-08-27 21:38:22,-2.57,150.8,82.74,73,56,5.37
91,Carbonia,IT,2020-08-27 21:38:22,39.17,8.52,79.0,88,5,10.29
92,Lagoa,PT,2020-08-27 21:38:23,39.05,-27.98,74.41,89,100,2.75
93,Okhotsk,RU,2020-08-27 21:38:23,59.38,143.3,55.38,67,100,4.76
94,Butaritari,KI,2020-08-27 21:38:23,3.07,172.79,82.51,69,100,10.56
95,Vila Velha,BR,2020-08-27 21:34:21,-20.33,-40.29,75.0,83,40,8.05
96,Victoria,HK,2020-08-27 21:35:28,22.29,114.16,82.99,83,20,3.36
97,Thompson,CA,2020-08-27 21:38:23,55.74,-97.86,62.6,82,75,2.24
98,Korla,CN,2020-08-27 21:38:23,41.76,86.15,70.0,93,100,8.99
99,Zhigansk,RU,2020-08-27 21:38:23,66.77,123.37,49.59,57,4,6.53
100,Tallahassee,US,2020-08-27 21:36:51,30.44,-84.28,91.4,55,75,9.17
101,Grindavik,IS,2020-08-27 21:38:23,63.84,-22.43,50.0,81,90,12.75
102,Cherskiy,RU,2020-08-27 21:38:23,68.75,161.3,41.36,94,100,1.39
103,Qaanaaq,GL,2020-08-27 21:38:23,77.48,-69.36,38.75,87,100,10.49
104,El Dovio,CO,2020-08-27 21:38:23,4.51,-76.24,78.8,69,40,6.93
105,Mahad,IN,2020-08-27 21:38:23,18.08,73.42,76.59,86,90,2.19
106,Jalu,LY,2020-08-27 21:38:23,29.03,21.55,76.96,66,0,12.24
107,Lompoc,US,2020-08-27 21:38:23,34.64,-120.46,68.0,64,1,16.11
108,Sioux Lookout,CA,2020-08-27 21:38:23,50.1,-91.92,69.8,52,75,5.82
109,Jizan,SA,2020-08-27 21:38:23,17.33,42.67,91.4,70,40,3.36
110,Salima,MW,2020-08-27 21:38:24,-13.78,34.46,75.15,49,60,2.68
111,Pangai,TO,2020-08-27 21:38:24,-19.8,-174.35,80.6,74,20,11.41
112,Pacific Grove,US,2020-08-27 21:37:50,36.62,-121.92,68.0,60,75,11.41
113,Jamestown,US,2020-08-27 21:34:18,42.1,-79.24,64.4,93,90,23.04
114,Macherla,IN,2020-08-27 21:38:24,16.48,79.43,76.69,84,100,5.08
115,Eyl,SO,2020-08-27 21:38:24,7.98,49.82,76.69,74,100,23.02
116,Coquimbo,CL,2020-08-27 21:38:24,-29.95,-71.34,55.4,76,40,9.17
117,San Patricio,MX,2020-08-27 21:38:24,19.22,-104.7,76.44,91,100,6.31
118,Coihaique,CL,2020-08-27 21:38:24,-45.58,-72.07,37.4,86,90,3.36
119,Poum,NC,2020-08-27 21:38:24,-20.23,164.02,68.2,82,95,13.06
120,Kadungora,ID,2020-08-27 21:38:24,-7.09,107.89,63.82,88,23,2.95
121,Kirakira,SB,2020-08-27 21:38:24,-10.45,161.92,83.19,76,48,14.97
122,Tanout,NE,2020-08-27 21:38:24,14.97,8.89,89.26,40,92,5.88
123,Hyeres,FR,2020-08-27 21:38:25,43.12,6.12,77.0,57,0,2.24
124,Castro,BR,2020-08-27 21:38:25,-24.79,-50.01,57.54,78,0,3.11
125,Yumen,CN,2020-08-27 21:38:25,40.28,97.2,58.03,32,50,11.63
126,Rankovce,MK,2020-08-27 21:38:25,42.17,22.12,64.4,82,29,3.87
127,Sur,OM,2020-08-27 21:38:25,22.57,59.53,83.84,69,100,9.55
128,Winslow,US,2020-08-27 21:38:25,35.02,-110.7,93.2,17,1,2.55
129,Mlonggo,ID,2020-08-27 21:38:25,-6.53,110.7,74.32,82,100,5.5
130,Gazli,UZ,2020-08-27 21:38:25,40.13,63.45,68.02,42,0,12.5
131,Ontario,US,2020-08-27 21:37:03,34.06,-117.65,102.0,16,20,12.75
132,Newark,US,2020-08-27 21:34:13,40.74,-74.17,93.2,44,40,13.87
133,Beloha,MG,2020-08-27 21:38:25,-25.17,45.05,68.99,87,36,11.23
134,Glarus,CH,2020-08-27 21:38:25,47.04,9.07,64.0,74,53,3.0
135,Kizema,RU,2020-08-27 21:38:25,61.11,44.83,49.32,85,93,2.86
136,Isla Vista,US,2020-08-27 21:38:25,34.41,-119.86,80.01,60,1,8.05
137,Sweetwater,US,2020-08-27 21:38:25,25.76,-80.37,91.99,66,75,10.29
138,Pangnirtung,CA,2020-08-27 21:38:25,66.15,-65.71,48.2,81,20,10.29
139,Mar Del Plata,AR,2020-08-27 21:37:12,-38.0,-57.56,64.4,39,0,5.93
140,Nantucket,US,2020-08-27 21:38:25,41.28,-70.1,66.2,88,90,5.82
141,Port Alfred,ZA,2020-08-27 21:38:26,-33.59,26.89,58.89,73,0,12.53
142,Sao Joao Da Barra,BR,2020-08-27 21:38:26,-21.64,-41.05,73.4,78,75,9.17
143,Narsaq,GL,2020-08-27 21:38:26,60.92,-46.05,47.91,68,100,5.48
144,Alofi,NU,2020-08-27 21:38:26,-19.06,-169.92,78.8,57,75,13.87
145,Mnogovershinnyy,RU,2020-08-27 21:38:26,53.94,139.92,48.65,100,100,2.01
146,Whitehorse,CA,2020-08-27 21:34:12,60.72,-135.05,55.99,54,90,11.41
147,Fortuna,US,2020-08-27 21:38:26,40.6,-124.16,64.4,77,1,10.29
148,Vaitape,PF,2020-08-27 21:38:26,-16.52,-151.75,78.31,78,3,16.06
149,Airai,TL,2020-08-27 21:38:26,-8.93,125.41,57.49,67,3,5.03
150,Codrington,AU,2020-08-27 21:38:26,-38.27,141.97,43.7,87,0,8.25
151,Inhambane,MZ,2020-08-27 21:38:26,-23.86,35.38,69.62,82,63,8.25
152,Meulaboh,ID,2020-08-27 21:38:26,4.14,96.13,75.96,89,100,4.07
153,Pevek,RU,2020-08-27 21:38:26,69.7,170.31,39.43,88,5,3.4
154,Dakar,SN,2020-08-27 21:37:30,14.69,-17.44,80.6,88,40,1.86
155,Miri,MY,2020-08-27 21:38:26,4.41,114.01,77.0,94,20,6.93
156,Susangerd,IR,2020-08-27 21:38:27,31.56,48.18,96.8,12,0,6.93
157,Yellowknife,CA,2020-08-27 21:38:27,62.46,-114.35,61.0,82,75,9.17
158,Konstantinovskiy,RU,2020-08-27 21:38:27,57.83,39.59,59.0,87,40,4.47
159,Lebu,CL,2020-08-27 21:38:27,-37.62,-73.65,50.2,87,100,10.85
160,Beringovskiy,RU,2020-08-27 21:38:27,63.05,179.32,52.38,79,80,7.05
161,Port-Gentil,GA,2020-08-27 21:38:27,-0.72,8.78,78.8,83,75,14.65
162,Palizada,MX,2020-08-27 21:38:27,18.25,-92.08,91.4,55,20,5.82
163,Songea,TZ,2020-08-27 21:38:27,-10.68,35.65,68.0,72,5,2.42
164,Manthani,IN,2020-08-27 21:38:27,18.65,79.67,74.14,90,100,11.83
165,Valparaiso,CL,2020-08-27 21:35:01,-33.04,-71.63,53.6,62,2,8.05
166,Miles City,US,2020-08-27 21:38:27,46.41,-105.84,84.2,37,1,8.05
167,Frankenberg,DE,2020-08-27 21:38:27,51.07,8.8,62.01,67,90,1.12
168,Gravdal,NO,2020-08-27 21:38:27,68.12,13.5,44.6,100,75,3.36
169,Gizo,SB,2020-08-27 21:38:27,-8.1,156.84,83.07,74,100,10.49
170,Vila Franca Do Campo,PT,2020-08-27 21:38:27,37.72,-25.43,75.2,88,20,5.82
171,Bethel,US,2020-08-27 21:37:24,41.37,-73.41,82.0,100,90,3.36
172,Longyearbyen,SJ,2020-08-27 21:38:27,78.22,15.64,37.4,69,40,12.75
173,Pijijiapan,MX,2020-08-27 21:38:27,15.7,-93.23,82.4,75,100,2.89
174,Nizhniy Kuranakh,RU,2020-08-27 21:38:27,58.84,125.49,43.84,70,0,1.61
175,Kununurra,AU,2020-08-27 21:38:27,-15.77,128.73,73.4,28,84,9.17
176,Salalah,OM,2020-08-27 21:37:51,17.02,54.09,77.0,94,90,1.12
177,Bredasdorp,ZA,2020-08-27 21:38:28,-34.53,20.04,55.4,93,47,9.17
178,Marawi,PH,2020-08-27 21:38:28,8.0,124.29,73.99,93,47,4.0
179,Kumluca,TR,2020-08-27 21:38:28,36.37,30.29,83.41,46,0,4.9
180,Hilo,US,2020-08-27 21:35:40,19.73,-155.09,84.2,58,40,6.93
181,Kedrovyy,RU,2020-08-27 21:38:28,56.17,91.82,48.2,100,64,2.59
182,Geraldton,AU,2020-08-27 21:38:28,-28.77,114.6,50.0,93,0,8.05
183,Mayumba,GA,2020-08-27 21:38:28,-3.43,10.66,75.06,87,100,8.75
184,Malakal,SS,2020-08-27 21:38:28,9.53,31.66,74.73,83,95,1.03
185,Arlit,NE,2020-08-27 21:38:28,18.74,7.39,95.23,29,93,6.58
186,Bathsheba,BB,2020-08-27 21:38:28,13.22,-59.52,84.2,74,20,14.99
187,Alyangula,AU,2020-08-27 21:38:28,-13.85,136.42,71.6,73,33,6.93
188,Camacupa,AO,2020-08-27 21:38:28,-12.02,17.48,63.72,30,78,4.32
189,Antalaha,MG,2020-08-27 21:38:28,-14.9,50.28,68.07,78,25,6.13
190,Yuzhno-Kurilsk,RU,2020-08-27 21:38:28,44.03,145.86,67.84,94,73,9.31
191,Altar,MX,2020-08-27 21:38:28,30.7,-111.82,107.01,27,0,3.0
192,San Quintin,MX,2020-08-27 21:38:28,30.48,-115.95,78.85,61,24,8.79
193,Ust-Kuyga,RU,2020-08-27 21:38:28,70.02,135.6,48.13,52,0,2.33
194,San Luis,AR,2020-08-27 21:34:02,-33.3,-66.34,60.35,40,0,5.01
195,Hithadhoo,MV,2020-08-27 21:38:28,-0.6,73.08,82.08,66,100,0.83
196,Manggar,ID,2020-08-27 21:38:28,-2.88,108.27,80.56,79,93,12.57
197,Cabo San Lucas,MX,2020-08-27 21:34:23,22.89,-109.91,91.4,59,20,3.36
198,Hami,CN,2020-08-27 21:35:21,42.8,93.45,73.0,21,75,16.26
199,Maracas,BR,2020-08-27 21:34:38,-13.44,-40.43,64.33,79,55,10.85
200,Chuy,UY,2020-08-27 21:38:29,-33.7,-53.46,57.6,98,100,10.38
201,Meghri,AM,2020-08-27 21:38:29,38.9,46.24,67.14,49,0,3.47
202,Rawson,AR,2020-08-27 21:38:29,-43.3,-65.1,57.99,36,0,11.72
203,Nuuk,GL,2020-08-27 21:38:29,64.18,-51.72,50.0,66,75,3.36
204,Constitucion,CL,2020-08-27 21:38:29,-35.33,-72.42,50.85,70,8,5.86
205,Hamilton,US,2020-08-27 21:33:51,39.18,-84.53,82.99,69,1,3.36
206,Paso De Carrasco,UY,2020-08-27 21:38:29,-34.86,-56.05,57.2,76,75,6.93
207,Mozhaysk,RU,2020-08-27 21:38:29,55.5,36.03,54.64,97,90,4.61
208,Yar-Sale,RU,2020-08-27 21:38:29,66.83,70.83,54.0,82,49,6.44
209,Hobyo,SO,2020-08-27 21:38:29,5.35,48.53,76.08,81,96,26.69
210,Chimbote,PE,2020-08-27 21:34:38,-9.09,-78.58,64.45,77,33,9.48
211,Mangai,CD,2020-08-27 21:38:29,-4.05,19.53,70.07,96,96,2.08
212,Bac Lieu,VN,2020-08-27 21:38:29,9.29,105.72,80.24,85,100,9.28
213,Tamiahua,MX,2020-08-27 21:38:29,21.27,-97.45,86.31,72,21,11.56
214,Donji Milanovac,RS,2020-08-27 21:38:30,44.46,22.15,63.05,52,4,3.69
215,College,US,2020-08-27 21:38:30,64.86,-147.8,62.6,51,75,6.93
216,Fowa,NG,2020-08-27 21:38:30,8.92,6.4,74.88,90,100,2.48
217,Nome,US,2020-08-27 21:38:30,64.5,-165.41,60.8,59,75,6.93
218,Saint Anthony,US,2020-08-27 21:38:30,45.02,-93.22,88.0,35,1,4.7
219,Provideniya,RU,2020-08-27 21:38:30,64.38,-173.3,50.0,87,90,6.71
220,San Isidro,PE,2020-08-27 21:38:30,-12.12,-77.05,62.6,82,90,8.05
221,Atambua,ID,2020-08-27 21:38:30,-9.11,124.89,68.05,74,4,4.21
222,Lagos,NG,2020-08-27 21:38:30,6.58,3.75,77.0,88,20,3.36
223,Vinh,VN,2020-08-27 21:35:23,18.67,105.67,79.66,82,27,3.69
224,Tomakivka,UA,2020-08-27 21:38:30,47.82,34.74,73.0,60,75,15.66
225,Mayo,US,2020-08-27 21:38:30,38.89,-76.51,90.0,59,1,5.82
226,Denpasar,ID,2020-08-27 21:38:30,-8.65,115.22,78.8,100,40,8.05
227,Zeya,RU,2020-08-27 21:38:30,53.75,127.27,49.35,75,75,7.87
228,Pringsewu,ID,2020-08-27 21:38:30,-5.36,104.97,70.07,92,85,1.79
229,Chokurdakh,RU,2020-08-27 21:38:31,70.63,147.92,38.48,82,100,8.3
230,Markova,UA,2020-08-27 21:38:31,48.68,24.41,58.82,78,100,5.3
231,Deer Lake,CA,2020-08-27 21:36:14,49.17,-57.43,55.4,76,90,12.75
232,Khandyga,RU,2020-08-27 21:38:31,62.67,135.6,46.69,57,11,1.86
233,Morgan City,US,2020-08-27 21:38:31,29.7,-91.21,84.99,88,40,12.75
234,Mitsamiouli,KM,2020-08-27 21:38:31,-11.38,43.28,75.69,78,33,2.15
235,Phangnga,TH,2020-08-27 21:38:31,8.45,98.53,80.6,83,20,3.36
236,Riyadh,SA,2020-08-27 21:37:06,24.69,46.72,91.4,21,0,3.36
237,Sitka,US,2020-08-27 21:38:31,57.05,-135.33,59.0,62,90,11.41
238,Havre-Saint-Pierre,CA,2020-08-27 21:38:31,50.23,-63.6,60.8,51,40,16.11
239,Babu,CN,2020-08-27 21:36:40,24.42,111.52,71.28,74,0,1.32
240,Port Moresby,PG,2020-08-27 21:38:31,-9.44,147.18,77.47,83,48,15.32
241,North Bend,US,2020-08-27 21:34:32,43.41,-124.22,79.0,77,1,27.51
242,Semnan,IR,2020-08-27 21:38:31,35.57,53.4,75.2,24,0,3.8
243,Kavaratti,IN,2020-08-27 21:38:31,10.57,72.64,82.4,73,100,11.21
244,Gaoua,BF,2020-08-27 21:38:31,10.3,-3.25,73.24,91,98,5.73
245,Sungaipenuh,ID,2020-08-27 21:38:06,-2.08,101.38,61.59,85,44,3.33
246,Kalmunai,LK,2020-08-27 21:38:32,7.42,81.82,77.74,81,43,4.16
247,Sistranda,NO,2020-08-27 21:38:32,63.73,8.83,48.2,87,20,5.82
248,Te Anau,NZ,2020-08-27 21:38:32,-45.42,167.72,42.76,88,99,7.99
249,Mahebourg,MU,2020-08-27 21:38:32,-20.41,57.7,71.6,68,40,11.41
250,Tomatlan,MX,2020-08-27 21:38:32,19.93,-105.25,75.52,97,100,9.95
251,Gushikawa,JP,2020-08-27 21:38:32,26.35,127.87,78.8,83,90,3.36
252,Kaitangata,NZ,2020-08-27 21:38:32,-46.28,169.85,46.0,80,58,5.97
253,Boa Vista,BR,2020-08-27 21:38:32,2.82,-60.67,93.2,46,40,2.24
254,Sloboda,RU,2020-08-27 21:36:29,51.14,40.3,62.1,65,55,4.14
255,Saint-Georges,GD,2020-08-27 21:38:32,12.06,-61.75,87.8,70,20,17.22
256,Kisangani,CD,2020-08-27 21:38:32,0.52,25.2,71.11,96,8,2.28
257,Ballina,AU,2020-08-27 21:38:32,-28.87,153.57,57.0,93,1,1.12
258,Buchanan,LR,2020-08-27 21:38:32,5.88,-10.05,76.64,85,87,9.48
259,Ikalamavony,MG,2020-08-27 21:38:32,-21.15,46.58,63.84,74,5,4.76
260,Monywa,MM,2020-08-27 21:38:32,22.12,95.13,78.42,85,0,7.27
261,Mogadishu,SO,2020-08-27 21:38:32,2.04,45.34,76.48,83,6,14.56
262,Bambous Virieux,MU,2020-08-27 21:38:32,-20.34,57.76,71.6,68,40,11.41
263,Kailua,US,2020-08-27 21:35:21,21.4,-157.74,87.8,58,20,10.29
264,Sao Filipe,CV,2020-08-27 21:38:32,14.9,-24.5,78.01,85,100,5.28
265,Shaowu,CN,2020-08-27 21:38:33,27.34,117.48,73.06,89,96,2.46
266,Makakilo City,US,2020-08-27 21:38:33,21.35,-158.09,87.8,48,75,9.17
267,Mizdah,LY,2020-08-27 21:38:33,31.45,12.98,72.09,66,0,11.97
268,Omboue,GA,2020-08-27 21:38:33,-1.57,9.26,75.42,83,100,8.88
269,Saint Pete Beach,US,2020-08-27 21:38:01,27.73,-82.74,93.0,62,1,10.29
270,Hermiston,US,2020-08-27 21:33:35,45.84,-119.29,87.01,23,1,5.44
271,Nelson Bay,AU,2020-08-27 21:38:33,-32.72,152.15,55.0,54,20,16.11
272,Disna,BY,2020-08-27 21:38:33,55.57,28.2,52.54,95,13,4.32
273,Cidreira,BR,2020-08-27 21:38:33,-30.18,-50.21,63.45,76,19,5.32
274,Sabang,ID,2020-08-27 21:38:33,5.89,95.32,82.96,70,100,3.06
275,Aykhal,RU,2020-08-27 21:38:33,66.0,111.5,55.4,47,40,6.71
276,Saint-Nazaire,FR,2020-08-27 21:38:33,47.28,-2.2,64.0,88,20,11.41
277,Natitingou,BJ,2020-08-27 21:38:33,10.3,1.38,71.6,100,20,2.24
278,Prince Rupert,CA,2020-08-27 21:38:33,54.32,-130.32,59.0,77,90,5.82
279,Henties Bay,NA,2020-08-27 21:38:33,-22.12,14.28,55.0,89,2,7.25
280,San Jose,US,2020-08-27 21:34:14,37.34,-121.89,82.0,44,40,9.17
281,Sergeyevka,KZ,2020-08-27 21:38:34,53.88,67.42,57.47,83,51,6.35
282,Dourbali,TD,2020-08-27 21:38:34,11.81,15.86,79.34,78,32,3.33
283,Porto Novo,BJ,2020-08-27 21:38:34,6.5,2.6,77.0,88,40,11.41
284,Lalmohan,BD,2020-08-27 21:38:34,22.34,90.74,81.91,83,50,11.77
285,Brooks,CA,2020-08-27 21:38:34,50.58,-111.89,69.01,45,1,8.01
286,Aklavik,CA,2020-08-27 21:38:34,68.22,-135.01,41.0,80,90,6.93
287,Rocha,UY,2020-08-27 21:38:34,-34.48,-54.33,53.85,85,100,4.38
288,Amapa,BR,2020-08-27 21:38:34,1.0,-52.0,82.09,60,100,2.39
289,Ugoofaaru,MV,2020-08-27 21:38:34,5.67,73.0,83.23,73,97,14.12
290,Dingle,PH,2020-08-27 21:38:34,11.0,122.67,75.16,85,97,2.46
291,Umm Lajj,SA,2020-08-27 21:34:08,25.02,37.27,82.72,69,33,5.66
292,Comodoro Rivadavia,AR,2020-08-27 21:38:34,-45.87,-67.5,57.2,35,40,23.04
293,Lasa,IT,2020-08-27 21:38:34,46.62,10.7,59.0,82,5,1.43
294,Fethiye,TR,2020-08-27 21:38:34,36.62,29.12,77.0,73,0,3.36
295,Turayf,SA,2020-08-27 21:38:34,31.67,38.66,78.8,34,0,8.05
296,Saint George,US,2020-08-27 21:34:56,37.1,-113.58,105.01,13,1,5.82
297,Srem,PL,2020-08-27 21:38:35,52.09,17.02,59.0,72,75,5.82
298,Chemal,RU,2020-08-27 21:38:35,51.41,86.0,55.99,82,100,2.59
299,Najran,SA,2020-08-27 21:38:35,17.49,44.13,89.6,18,39,4.7
300,Dongsheng,CN,2020-08-27 21:38:35,39.82,109.98,61.29,74,71,4.79
301,Caravelas,BR,2020-08-27 21:38:35,-17.71,-39.25,71.73,84,0,7.63
302,Ponta Delgada,PT,2020-08-27 21:38:35,37.73,-25.67,75.2,88,20,5.82
303,Klaksvik,FO,2020-08-27 21:38:35,62.23,-6.59,50.0,76,39,5.82
304,Kahului,US,2020-08-27 21:38:35,20.89,-156.47,87.8,52,40,26.4
305,Haines Junction,CA,2020-08-27 21:38:35,60.75,-137.51,55.47,50,100,5.23
306,Paamiut,GL,2020-08-27 21:38:35,61.99,-49.67,43.14,78,100,0.81
307,Suntar,RU,2020-08-27 21:38:35,62.14,117.63,44.85,62,1,3.15
308,Carnarvon,AU,2020-08-27 21:34:57,-24.87,113.63,66.2,100,94,5.82
309,Torbay,CA,2020-08-27 21:38:35,47.67,-52.73,63.0,67,75,21.92
310,Puerto Ayacucho,VE,2020-08-27 21:38:35,5.66,-67.62,91.4,52,40,6.93
311,Lambarene,GA,2020-08-27 21:38:36,-0.7,10.24,75.6,85,100,5.57
312,Catamarca,AR,2020-08-27 21:34:01,-28.47,-65.79,73.0,37,6,5.01
313,Grand Gaube,MU,2020-08-27 21:38:36,-20.01,57.66,70.0,77,84,4.0
314,Vilyuysk,RU,2020-08-27 21:38:36,63.76,121.62,46.58,59,18,3.56
315,Mangaldai,IN,2020-08-27 21:38:36,26.43,92.03,77.86,84,7,3.36
316,Vestmannaeyjar,IS,2020-08-27 21:38:36,63.44,-20.27,52.11,78,25,14.9
317,Guerrero Negro,MX,2020-08-27 21:38:36,27.98,-114.06,89.08,46,0,15.03
318,Yerbogachen,RU,2020-08-27 21:38:36,61.28,108.01,44.38,73,75,4.85
319,Lahaina,US,2020-08-27 21:35:05,20.88,-156.68,87.8,48,20,12.75
320,Westport,US,2020-08-27 21:36:48,41.14,-73.36,90.0,61,90,5.82
321,Deputatskiy,RU,2020-08-27 21:38:36,69.3,139.9,37.89,77,0,2.59
322,Mongo,TD,2020-08-27 21:38:36,12.18,18.69,80.17,71,90,4.99
323,Svetlaya,RU,2020-08-27 21:38:36,46.54,138.33,63.77,94,100,4.85
324,Iwata,JP,2020-08-27 21:38:36,34.7,137.85,80.01,95,3,4.0
325,Vestmanna,FO,2020-08-27 21:38:36,62.16,-7.17,50.0,76,21,5.82
326,Palana,RU,2020-08-27 21:38:36,59.12,159.97,48.47,72,90,5.3
327,Palora,EC,2020-08-27 21:38:36,-1.7,-77.93,73.4,83,40,3.36
328,Amahai,ID,2020-08-27 21:38:36,-3.33,128.92,77.29,86,86,9.84
329,Verkhoyansk,RU,2020-08-27 21:38:36,67.54,133.38,48.15,50,0,1.57
330,Vardo,NO,2020-08-27 21:38:36,70.37,31.11,44.6,75,40,20.8
331,Lavrentiya,RU,2020-08-27 21:38:37,65.58,-171.0,50.4,73,0,1.7
332,Imeni Morozova,RU,2020-08-27 21:38:37,59.98,31.04,54.0,99,100,10.02
333,Petropavlovsk-Kamchatskiy,RU,2020-08-27 21:38:37,53.05,158.65,53.6,100,90,8.95
334,Ferkessedougou,CI,2020-08-27 21:38:37,9.6,-5.2,73.22,93,100,4.07
335,Vao,NC,2020-08-27 21:38:37,-22.67,167.48,67.6,72,85,18.14
336,Pundaguitan,PH,2020-08-27 21:38:37,6.37,126.17,82.47,74,100,6.06
337,Praia,CV,2020-08-27 21:38:37,14.92,-23.51,80.6,83,75,5.82
338,Esil,KZ,2020-08-27 21:38:37,51.96,66.4,61.3,68,1,5.61
339,Evensk,RU,2020-08-27 21:38:37,61.95,159.23,51.37,66,73,11.68
340,Serov,RU,2020-08-27 21:38:37,59.6,60.58,54.88,95,29,4.7
341,Pamyat Parizhskoy Kommuny,RU,2020-08-27 21:38:37,56.1,44.5,61.0,93,20,5.23
342,Kunigal,IN,2020-08-27 21:38:37,13.02,77.03,69.98,87,100,3.58
343,Nishihara,JP,2020-08-27 21:38:37,26.18,127.76,78.8,83,75,4.7
344,Kuchinarai,TH,2020-08-27 21:38:37,16.54,104.05,74.35,91,12,3.53
345,Osypenko,UA,2020-08-27 21:38:37,46.91,36.83,71.01,100,57,10.0
346,Maldonado,UY,2020-08-27 21:38:37,-34.67,-54.92,55.0,93,100,4.7
347,Swan Hill,AU,2020-08-27 21:38:37,-35.34,143.55,42.06,84,0,5.88
348,Mamallapuram,IN,2020-08-27 21:38:37,12.63,80.17,78.8,83,75,14.81
349,Likasi,CD,2020-08-27 21:38:37,-10.98,26.73,70.84,48,63,3.04
350,Sorland,NO,2020-08-27 21:38:37,67.67,12.69,44.6,100,75,3.36
351,Brae,GB,2020-08-27 21:38:38,60.4,-1.35,50.0,93,0,10.29
352,Yankton,US,2020-08-27 21:38:38,42.87,-97.4,95.0,52,1,6.93
353,Macau,MO,2020-08-27 21:38:38,22.2,113.55,82.4,88,20,2.24
354,Asyut,EG,2020-08-27 21:38:38,27.18,31.18,84.2,39,0,5.82
355,Kropotkin,RU,2020-08-27 21:38:38,45.44,40.58,66.38,73,59,7.45
356,Kyzyl-Suu,KG,2020-08-27 21:38:38,42.34,78.0,49.59,73,88,5.08
357,Kudahuvadhoo,MV,2020-08-27 21:38:38,2.67,72.89,83.03,71,100,12.24
358,Kruisfontein,ZA,2020-08-27 21:38:38,-34.0,24.73,54.82,73,0,19.48
359,Hofn,IS,2020-08-27 21:38:38,64.25,-15.21,49.15,82,5,4.88
360,Brenham,US,2020-08-27 21:38:38,30.17,-96.4,95.0,47,40,1.7
361,Angoche,MZ,2020-08-27 21:38:38,-16.23,39.91,72.97,89,0,5.46
362,Cordoba,AR,2020-08-27 21:38:38,-31.41,-64.18,69.01,22,49,9.17
363,Jumla,NP,2020-08-27 21:38:38,29.27,82.18,59.94,69,84,2.08
364,Concepcion Del Uruguay,AR,2020-08-27 21:38:38,-32.48,-58.24,57.0,95,100,3.0
365,Zaysan,KZ,2020-08-27 21:38:39,47.47,84.87,60.13,56,100,6.15
366,Port Blair,IN,2020-08-27 21:38:39,11.67,92.75,81.39,72,100,6.67
367,Kedgwick,CA,2020-08-27 21:38:39,47.64,-67.34,55.49,57,82,9.42
368,Sovetskiy,RU,2020-08-27 21:38:39,61.36,63.58,56.08,97,16,6.53
369,Chokwe,MZ,2020-08-27 21:38:39,-24.53,32.98,62.51,86,0,3.47
370,Tambura,SS,2020-08-27 21:38:39,5.6,27.47,68.88,90,33,1.92
371,Deniliquin,AU,2020-08-27 21:38:39,-35.53,144.97,39.99,88,0,1.01
372,Saint-Pierre,RE,2020-08-27 21:38:39,-21.34,55.48,69.8,56,0,6.93
373,Georgetown,MY,2020-08-27 21:37:01,5.41,100.34,80.6,88,20,3.47
374,Schwarzenbach,DE,2020-08-27 21:38:39,49.73,12.0,54.0,100,1,2.77
375,Xinzhi,CN,2020-08-27 21:38:39,36.5,111.7,72.61,60,0,2.84
376,Ballybofey,IE,2020-08-27 21:38:39,54.8,-7.78,52.74,94,100,3.74
377,Laredo,US,2020-08-27 21:38:39,27.51,-99.51,102.2,35,1,6.93
378,Marsh Harbour,BS,2020-08-27 21:35:14,26.54,-77.06,84.6,76,75,11.25
379,Adrar,MR,2020-08-27 21:38:39,20.5,-10.07,96.73,26,30,6.02
380,Mancio Lima,BR,2020-08-27 21:38:39,-7.61,-72.9,96.8,23,20,6.93
381,Batagay,RU,2020-08-27 21:38:39,67.63,134.63,46.02,55,0,1.52
382,Saskylakh,RU,2020-08-27 21:38:39,71.92,114.08,52.86,57,62,1.48
383,Meadow Lake,US,2020-08-27 21:38:39,34.8,-106.54,93.2,16,1,6.93
384,Port Augusta,AU,2020-08-27 21:38:39,-32.5,137.77,44.6,100,90,3.36
385,Arraial Do Cabo,BR,2020-08-27 21:38:39,-22.97,-42.03,71.6,88,0,8.05
386,Varfurile,RO,2020-08-27 21:38:40,46.32,22.52,57.88,73,57,1.36
387,Berbera,SO,2020-08-27 21:38:40,10.44,45.01,92.14,48,61,9.78
388,Fukue,JP,2020-08-27 21:38:40,32.69,128.84,80.73,85,29,18.75
389,Norman Wells,CA,2020-08-27 21:38:23,65.28,-126.83,59.0,67,75,8.05
390,Avera,US,2020-08-27 21:38:40,33.19,-82.53,91.4,59,40,6.93
391,Sao Felix Do Xingu,BR,2020-08-27 21:38:40,-6.64,-51.99,81.32,52,91,1.43
392,Khorinsk,RU,2020-08-27 21:38:40,52.17,109.77,53.76,88,100,12.77
393,Atar,MR,2020-08-27 21:38:40,20.52,-13.05,101.75,21,61,6.46
394,Rio Verde De Mato Grosso,BR,2020-08-27 21:38:40,-18.92,-54.84,88.3,18,0,3.78
395,Tocopilla,CL,2020-08-27 21:38:40,-22.09,-70.2,66.87,56,20,11.77
396,San Cristobal,VE,2020-08-27 21:38:40,7.77,-72.22,91.4,49,40,13.87
397,Batemans Bay,AU,2020-08-27 21:38:40,-35.72,150.18,42.01,61,3,3.0
398,Goderich,CA,2020-08-27 21:36:28,43.75,-81.72,79.0,83,38,9.48
399,Kasongo-Lunda,CD,2020-08-27 21:38:40,-6.47,16.82,76.59,74,100,0.58
400,Muli,MV,2020-08-27 21:38:40,2.92,73.57,83.41,70,100,12.82
401,Severo-Kurilsk,RU,2020-08-27 21:38:40,50.68,156.12,52.21,83,100,11.36
402,Rabo De Peixe,PT,2020-08-27 21:38:40,37.8,-25.58,75.2,88,20,5.82
403,Laguna,US,2020-08-27 21:36:45,38.42,-121.42,89.01,32,1,4.7
404,Miquelon,PM,2020-08-27 21:38:40,47.1,-56.38,57.2,87,75,26.4
405,Shingu,JP,2020-08-27 21:38:41,33.73,135.98,79.12,79,0,4.38
406,Lebedinyy,RU,2020-08-27 21:38:41,58.52,125.52,44.17,71,0,0.98
407,Kasempa,ZM,2020-08-27 21:38:41,-13.46,25.83,71.69,40,57,3.18
408,Pisco,PE,2020-08-27 21:34:35,-13.7,-76.22,66.99,77,40,11.41
409,Oktyabrskiy,RU,2020-08-27 21:38:41,54.48,53.47,62.8,62,88,3.76
410,Maracacume,BR,2020-08-27 21:38:41,-2.04,-45.96,75.6,95,24,4.74
411,Mount Gambier,AU,2020-08-27 21:38:41,-37.83,140.77,37.4,100,0,4.54
412,Pochutla,MX,2020-08-27 21:38:41,15.74,-96.47,84.2,70,90,23.04
413,Kenai,US,2020-08-27 21:38:41,60.55,-151.26,61.0,58,75,13.87
414,Borodinskiy,RU,2020-08-27 21:38:41,54.0,37.82,57.24,90,49,6.35
415,Porto Belo,BR,2020-08-27 21:38:41,-27.16,-48.55,64.4,88,0,2.24
416,Ugra,RU,2020-08-27 21:38:41,54.78,34.33,54.03,97,83,3.51
417,Mujiayingzi,CN,2020-08-27 21:38:41,42.12,118.78,62.83,75,90,6.17
418,Plettenberg Bay,ZA,2020-08-27 21:38:41,-34.05,23.37,55.63,75,4,10.02
419,Qaracala,AZ,2020-08-27 21:38:41,39.81,48.95,67.87,71,0,1.57
420,Camacha,PT,2020-08-27 21:38:41,33.08,-16.33,71.6,83,40,3.36
421,Fort Nelson,CA,2020-08-27 21:38:41,58.81,-122.7,68.0,45,40,4.7
422,Taltal,CL,2020-08-27 21:38:42,-25.4,-70.48,60.96,62,9,5.79
423,Aracuai,BR,2020-08-27 21:38:42,-16.85,-42.07,71.62,57,3,5.39
424,Kviteseid,NO,2020-08-27 21:38:42,59.4,8.49,50.0,86,28,1.48
425,Oromocto,CA,2020-08-27 21:38:42,45.84,-66.48,69.01,40,1,11.41
426,Juneau,US,2020-08-27 21:38:42,58.3,-134.42,60.8,63,90,10.29
427,La Ronge,CA,2020-08-27 21:38:42,55.1,-105.28,68.0,56,75,5.82
428,Goleniow,PL,2020-08-27 21:38:42,53.56,14.83,60.01,87,75,5.82
429,Khoy,IR,2020-08-27 21:38:42,38.55,44.95,67.98,43,0,2.04
430,San Vicente,AR,2020-08-27 21:38:42,-26.62,-54.13,69.75,70,0,3.6
431,Isangel,VU,2020-08-27 21:34:03,-19.55,169.27,77.0,78,75,9.17
432,Maceio,BR,2020-08-27 21:37:00,-9.67,-35.74,73.4,78,67,9.17
433,Lorengau,PG,2020-08-27 21:38:42,-2.02,147.27,83.77,72,2,6.2
434,Luorong,CN,2020-08-27 21:38:42,24.41,109.61,74.12,71,0,1.92
435,Husavik,IS,2020-08-27 21:38:42,66.04,-17.34,50.0,66,75,18.34
436,Manzhouli,CN,2020-08-27 21:38:42,49.6,117.43,55.45,80,100,17.98
437,Richards Bay,ZA,2020-08-27 21:38:42,-28.78,32.04,67.37,63,51,16.53
438,Sola,VU,2020-08-27 21:38:43,-13.88,167.55,84.2,74,90,16.11
439,Baculin,PH,2020-08-27 21:38:43,7.45,126.58,78.46,70,100,4.81
440,Batagay-Alyta,RU,2020-08-27 21:38:43,67.8,130.41,45.12,56,0,1.1
441,Panaba,MX,2020-08-27 21:38:43,21.28,-88.27,86.11,68,73,12.01
442,Itanhem,BR,2020-08-27 21:38:43,-17.17,-40.33,68.04,84,28,7.4
443,Tarauaca,BR,2020-08-27 21:38:43,-8.16,-70.77,89.65,37,1,1.03
444,Ust-Nera,RU,2020-08-27 21:38:43,64.57,143.2,44.33,58,100,4.09
445,Belle Fourche,US,2020-08-27 21:37:45,44.67,-103.85,88.0,48,1,11.41
446,Algiers,DZ,2020-08-27 21:38:43,36.75,3.04,77.0,88,40,5.82
447,Mitoc,RO,2020-08-27 21:38:43,48.1,27.03,64.99,72,98,8.05
448,Havelock,US,2020-08-27 21:38:43,34.88,-76.9,87.01,78,47,1.99
449,Guamuchil,MX,2020-08-27 21:38:43,25.47,-108.1,97.0,57,20,7.0
450,Ahipara,NZ,2020-08-27 21:38:43,-35.17,173.17,56.82,65,7,8.79
451,Bubaque,GW,2020-08-27 21:38:43,11.28,-15.83,80.62,78,100,9.22
452,Kholtoson,RU,2020-08-27 21:38:44,50.3,103.31,47.98,90,100,2.17
453,Sayyan,YE,2020-08-27 21:38:44,15.17,44.32,63.54,68,14,1.86
454,Ostrowiec Swietokrzyski,PL,2020-08-27 21:38:44,50.93,21.39,63.0,75,92,3.0
455,Birao,CF,2020-08-27 21:38:44,10.28,22.79,72.84,94,100,2.68
456,Vohibinany,MG,2020-08-27 21:38:44,-17.35,49.03,62.92,91,25,1.79
457,Daru,PG,2020-08-27 21:38:44,-9.08,143.21,77.27,83,94,19.93
458,Bidar,IN,2020-08-27 21:38:44,17.9,77.55,70.63,94,100,5.37
459,Friedrichshafen,DE,2020-08-27 21:38:44,47.65,9.48,61.0,87,12,1.12
460,Pouso Alegre,BR,2020-08-27 21:34:45,-22.23,-45.94,63.54,58,0,0.92
461,Bereda,ES,2020-08-27 21:38:44,43.27,-7.54,68.0,95,47,5.01
462,Elizabeth City,US,2020-08-27 21:38:44,36.29,-76.25,93.2,56,1,16.11
463,Mongu,ZM,2020-08-27 21:38:44,-15.25,23.13,67.98,43,0,3.49
464,Kaliganj,BD,2020-08-27 21:38:44,23.41,89.14,77.5,95,51,7.11
465,Saint-Augustin,CA,2020-08-27 21:38:44,51.23,-58.65,53.02,86,100,11.1
466,Isla Mujeres,MX,2020-08-27 21:38:44,21.23,-86.73,80.01,94,90,10.29
467,Portland,US,2020-08-27 21:35:13,45.52,-122.68,82.0,39,20,12.75
468,Kongolo,CD,2020-08-27 21:38:45,-5.38,27.0,76.12,73,12,2.08
469,Innisfail,AU,2020-08-27 21:38:45,-17.53,146.03,60.01,92,59,8.01
470,Labuhan,ID,2020-08-27 21:38:45,-6.88,112.21,74.86,85,50,6.96
471,Yerkoy,TR,2020-08-27 21:38:45,39.64,34.47,65.77,66,23,3.69
472,Guaiba,BR,2020-08-27 21:38:45,-30.11,-51.33,68.0,77,39,10.29
473,Kinshasa,CD,2020-08-27 21:38:45,-4.32,15.32,73.4,83,100,2.24
474,Pizarro,CO,2020-08-27 21:38:45,4.95,-77.37,78.82,75,85,10.0
475,West Bay,KY,2020-08-27 21:34:33,19.37,-81.42,81.0,94,75,5.82
476,Sangar,RU,2020-08-27 21:38:45,63.92,127.47,47.75,57,0,4.65
477,Egvekinot,RU,2020-08-27 21:38:45,66.32,-179.17,46.13,79,99,7.52
478,Mionica,BA,2020-08-27 21:34:02,44.87,18.46,70.0,87,9,1.12
479,Presidencia Roque Saenz Pena,AR,2020-08-27 21:38:45,-26.79,-60.44,76.68,63,68,9.86
480,Ust-Kulom,RU,2020-08-27 21:38:45,61.69,53.69,49.66,96,6,4.03
481,Inuvik,CA,2020-08-27 21:36:27,68.35,-133.72,42.8,44,75,11.41
482,Villanueva,HN,2020-08-27 21:38:45,15.32,-88.0,95.0,41,75,4.7
483,Kidal,ML,2020-08-27 21:38:45,18.44,1.41,86.05,46,71,4.56
484,Verkhnevilyuysk,RU,2020-08-27 21:38:45,63.45,120.32,45.97,58,28,2.46
485,Sinnamary,GF,2020-08-27 21:38:45,5.38,-52.95,80.8,78,87,4.94
486,Kaabong,UG,2020-08-27 21:38:45,3.48,34.15,68.2,65,60,5.82
487,Chapais,CA,2020-08-27 21:38:46,49.78,-74.85,57.2,62,90,10.29
488,Tahoua,NE,2020-08-27 21:38:46,14.89,5.27,78.8,94,20,4.7
489,Malanje,AO,2020-08-27 21:38:46,-9.54,16.34,66.72,72,82,5.86
490,Mareeba,AU,2020-08-27 21:38:46,-17.0,145.43,71.6,73,75,17.22
491,Aksarayskiy,RU,2020-08-27 21:38:46,46.79,48.01,64.4,82,81,6.71
492,Broome,US,2020-08-27 21:38:46,42.25,-75.83,72.0,93,90,16.11
493,Lesnoy,RU,2020-08-27 21:38:46,57.62,63.08,57.85,96,82,6.6
494,Lazaro Cardenas,MX,2020-08-27 21:38:46,17.96,-102.2,76.6,86,100,4.76
495,Papara,BR,2020-08-27 21:38:46,-3.98,-38.73,80.6,74,14,14.99
496,Gamba,GA,2020-08-27 21:38:46,-2.65,10.0,74.84,87,100,8.75
497,Talnakh,RU,2020-08-27 21:38:46,69.49,88.4,53.6,76,40,4.47
498,Turukhansk,RU,2020-08-27 21:38:46,65.82,87.98,50.11,89,39,5.88
499,Hirara,JP,2020-08-27 21:38:46,24.8,125.28,83.46,83,100,15.93
500,Cayenne,GF,2020-08-27 21:35:23,4.93,-52.33,84.2,70,73,13.87
501,Lucapa,AO,2020-08-27 21:38:46,-8.42,20.74,72.03,73,100,2.15
502,Changji,CN,2020-08-27 21:38:46,44.02,87.32,55.4,93,75,2.95
503,Bazarnyye Mataki,RU,2020-08-27 21:38:46,54.88,49.93,60.89,60,37,7.76
504,Krasnyy Chikoy,RU,2020-08-27 21:38:46,50.36,108.75,52.54,89,71,0.2
505,Oshakati,NA,2020-08-27 21:38:47,-17.78,15.68,80.6,28,60,1.12
506,Katangli,RU,2020-08-27 21:38:47,51.71,143.23,56.19,90,99,4.12
507,Harper,LR,2020-08-27 21:38:47,4.38,-7.72,75.61,85,91,7.87
508,Ketchikan,US,2020-08-27 21:38:47,55.34,-131.65,60.8,72,75,14.99
509,Kungurtug,RU,2020-08-27 21:38:47,50.6,97.52,40.8,84,97,0.81
510,Mosquera,CO,2020-08-27 21:34:45,4.71,-74.23,66.2,48,40,10.29
511,Samarai,PG,2020-08-27 21:38:47,-10.62,150.67,77.65,86,100,21.39
512,Marzuq,YE,2020-08-27 21:38:47,14.4,46.47,83.88,47,59,2.64
513,Beni Suef,EG,2020-08-27 21:38:47,29.07,31.1,76.78,65,0,9.44
514,Maningrida,AU,2020-08-27 21:38:47,-12.07,134.27,70.14,58,0,13.06
515,Praia Da Vitoria,PT,2020-08-27 21:38:47,38.73,-27.07,75.2,94,75,1.92
516,Riachao Das Neves,BR,2020-08-27 21:38:47,-11.75,-44.91,77.25,21,0,3.58
517,Alice Springs,AU,2020-08-27 21:34:26,-23.7,133.88,53.6,32,0,4.7
518,Epe,NG,2020-08-27 21:38:47,6.58,3.98,75.06,87,98,6.53
519,Safranbolu,TR,2020-08-27 21:38:47,41.25,32.69,59.9,84,55,1.07
520,Bellmead,US,2020-08-27 21:38:47,31.59,-97.11,96.01,34,40,4.16
521,Anadyr,RU,2020-08-27 21:38:47,64.75,177.48,51.8,81,40,2.24
522,Mondragone,IT,2020-08-27 21:38:47,41.11,13.89,75.2,94,0,2.48
523,Jiuquan,CN,2020-08-27 21:38:48,39.74,98.52,57.24,34,51,3.42
524,Gerash,IR,2020-08-27 21:38:48,27.67,54.14,86.0,55,40,6.93
525,Knysna,ZA,2020-08-27 21:37:22,-34.04,23.05,55.4,76,20,8.05
526,Ancud,CL,2020-08-27 21:38:48,-41.87,-73.82,46.0,100,90,10.29
527,Anori,BR,2020-08-27 21:38:48,-3.77,-61.64,86.16,55,86,1.83
528,Calabar,NG,2020-08-27 21:38:48,4.95,8.32,74.95,94,100,3.83
529,Aktau,KZ,2020-08-27 21:38:48,43.65,51.2,62.6,59,0,4.47
530,Ha Tinh,VN,2020-08-27 21:38:48,18.33,105.9,79.07,84,24,4.0
531,Mandalay,MM,2020-08-27 21:35:10,21.97,96.08,76.89,82,15,5.61
532,Villaviciosa,ES,2020-08-27 21:38:48,43.48,-5.44,70.0,75,100,5.01
533,Tabuk,PH,2020-08-27 21:36:53,17.42,121.44,71.11,73,76,3.04
534,Izhma,RU,2020-08-27 21:38:48,65.01,53.91,48.74,94,97,4.88
535,Inhapi,BR,2020-08-27 21:38:48,-9.22,-37.75,84.2,35,20,9.17
536,Nosy Varika,MG,2020-08-27 21:38:48,-20.58,48.53,68.02,90,12,6.02
537,Oldebroek,NL,2020-08-27 21:38:48,52.45,5.9,61.0,89,100,1.01
538,Ferme-Neuve,CA,2020-08-27 21:38:48,46.7,-75.45,55.65,74,85,4.34
539,Nyazepetrovsk,RU,2020-08-27 21:38:49,56.05,59.6,56.34,93,9,4.05
540,Chicama,PE,2020-08-27 21:38:49,-7.84,-79.15,67.32,66,40,9.42
541,Kuna,US,2020-08-27 21:37:31,43.49,-116.42,87.01,26,1,10.29
542,Faya,SA,2020-08-27 21:38:49,18.39,42.45,66.2,93,82,2.17
543,Enshi,CN,2020-08-27 21:35:54,30.3,109.48,69.35,84,0,0.94
544,Yarmouth,US,2020-08-27 21:38:49,41.71,-70.23,66.99,82,90,5.82
545,Huancavelica,PE,2020-08-27 21:38:49,-12.77,-74.98,51.69,44,34,11.81
546,Santa Vitoria Do Palmar,BR,2020-08-27 21:38:49,-33.52,-53.37,58.55,98,100,10.96
547,Sicamous,CA,2020-08-27 21:38:49,50.83,-118.99,75.99,56,6,3.38
548,Helong,CN,2020-08-27 21:38:49,42.54,129.0,71.24,84,0,4.68
549,Lensk,RU,2020-08-27 21:38:49,60.73,114.93,46.51,62,28,6.58
550,La Paz,BO,2020-08-27 21:38:49,-16.5,-68.15,62.6,13,40,13.87
551,Leticia,CO,2020-08-27 21:38:26,-4.22,-69.94,87.8,70,20,2.24
552,Dakoro,NE,2020-08-27 21:38:49,14.51,6.76,88.93,42,30,5.68
553,Linhares,BR,2020-08-27 21:38:49,-19.39,-40.07,68.23,90,19,4.32
554,La Asuncion,VE,2020-08-27 21:38:49,11.03,-63.86,91.4,59,22,11.41
555,Moron,AR,2020-08-27 21:38:49,-34.65,-58.62,62.01,60,8,3.0
556,Margate,GB,2020-08-27 21:38:50,51.38,1.39,63.0,93,61,1.99
557,Solwezi,ZM,2020-08-27 21:38:50,-12.17,26.39,69.1,45,84,1.74
558,Dambulla,LK,2020-08-27 21:38:50,7.86,80.65,74.75,84,41,9.51
559,Awbari,LY,2020-08-27 21:38:50,26.59,12.78,82.31,20,0,5.37
560,Kokopo,PG,2020-08-27 21:38:50,-4.35,152.26,79.0,81,90,5.32
561,Duvan,RU,2020-08-27 21:38:50,55.7,57.9,60.04,85,31,6.76
562,Nagornskiy,RU,2020-08-27 21:38:50,58.77,57.55,53.01,97,52,0.72
563,Baykit,RU,2020-08-27 21:38:50,61.67,96.37,53.51,88,98,1.25
564,Kushima,JP,2020-08-27 21:38:50,31.46,131.23,77.0,94,75,6.93
565,Manjacaze,MZ,2020-08-27 21:38:50,-24.71,33.88,62.49,96,4,6.38
566,Acajutla,SV,2020-08-27 21:38:50,13.59,-89.83,75.0,99,90,5.39
567,Belaya Gora,RU,2020-08-27 21:38:50,68.53,146.42,47.5,66,38,1.45
568,Morrope,PE,2020-08-27 21:38:50,-6.54,-80.01,75.99,59,4,5.99
569,Lengshuijiang,CN,2020-08-27 21:38:50,27.69,111.43,73.35,77,0,0.81
570,Hachinohe,JP,2020-08-27 21:38:50,40.5,141.5,73.4,100,90,3.36
571,Wajir,KE,2020-08-27 21:38:50,1.75,40.06,76.28,61,8,13.58
572,Twentynine Palms,US,2020-08-27 21:38:51,34.14,-116.05,105.8,6,1,3.36
573,Santiago Del Estero,AR,2020-08-27 21:38:51,-27.8,-64.26,60.57,57,58,9.1
574,Noumea,NC,2020-08-27 21:38:51,-22.28,166.46,71.01,60,69,14.05
575,Ostrovnoy,RU,2020-08-27 21:38:51,68.05,39.51,45.81,79,100,25.55
576,Dicabisagan,PH,2020-08-27 21:38:51,17.08,122.42,78.76,81,93,2.98
577,Arman,RU,2020-08-27 21:38:51,59.7,150.17,51.48,62,99,8.99
578,Vieques,PR,2020-08-27 21:38:51,18.43,-65.83,84.2,83,90,12.75
579,Linxia,CN,2020-08-27 21:38:51,35.6,103.21,57.36,60,0,2.62
580,Mugur-Aksy,RU,2020-08-27 21:38:51,50.35,90.5,43.81,77,100,3.38
